,Username,Age,Date
0,samfex,38,2018-08-01
1,Igunnu,35,2018-08-01
2,hancock,68,2018-08-01
3,ajisogun,27,2018-08-01
4,Dospix,27,2018-08-01
5,bayour02,30,2018-08-01
6,shamecurls,58,2018-08-01
7,latbas,26,2018-08-01
8,johnteey,24,2018-08-01
9,urch999,34,2018-08-01
10,umuoshe,37,2018-08-01
11,webnerd,34,2018-08-01
12,olayiwolar1,28,2018-08-01
13,jemmy10,28,2018-08-01
14,ekwurekwu,31,2018-08-01
15,AbdulMajeed2,23,2018-08-01
16,Luvdmx,34,2018-08-01
17,ekeneobih,26,2018-08-01
18,boxymccoy,32,2018-08-01
19,Ajayimichael,28,2018-08-01
20,IamAthens,28,2018-08-01
21,seun4peace2015,34,2018-08-01
22,queezer,31,2018-08-01
23,Franky9584,28,2018-08-01
24,austinslimzy,34,2018-08-01
25,WhoDeyThere,30,2018-08-01
26,GCFR696,30,2018-08-01
27,kaybee4047,28,2018-08-01
28,Swiftboy,30,2018-08-01
29,Ellatyra,26,2018-08-01
30,Abiola1531,24,2018-08-01
31,nicetboy,31,2018-08-01
32,grayht,33,2018-08-01
33,Edygrin,24,2018-08-01
34,jiboladhino,29,2018-08-01
35,Cardeezah,27,2018-08-01
36,Donjcco,24,2018-08-01
37,slydv,31,2018-08-01
38,donteanz,22,2018-08-01
39,faithugo64,21,2018-08-01
40,samosky26,20,2018-08-01
41,wiseman2392,40,2018-08-01
42,brainbox2014,30,2018-08-01
43,zenith4biz,28,2018-08-01
44,KGBEAST,21,2018-08-01
45,Newerakings,31,2018-08-01
46,mightyrocket,31,2018-08-01
47,MbaanabaraAgu,34,2018-08-01
48,TOSSYN38,24,2018-08-01
49,austinomalatus,28,2018-08-01
50,geobukky,26,2018-08-01
51,aciza,34,2018-08-01
52,Essquare,29,2018-08-01
53,pointstores,40,2018-08-01
54,kabirjimoh,26,2018-08-01
55,phemflex90,27,2018-08-01
56,jerrymichaels,33,2018-08-01
57,chilakapeter,48,2018-08-01
58,delzbaba,38,2018-08-01
59,irapada001,28,2018-08-01
60,chrismago,28,2018-08-01
61,Cornerstone199,27,2018-08-01
62,adebobconed,28,2018-08-01
63,Midgut,26,2018-08-01
64,Churchillsaug,33,2018-08-01
65,samchem,23,2018-08-01
66,fabulous2000,24,2018-08-01
67,olamixx,23,2018-08-01
68,Joyuko15,26,2018-08-01
69,harlehleh,18,2018-08-01
70,Bigboss111,48,2018-08-01
71,Goddey18,27,2018-08-01
72,deco147,24,2018-08-01
73,chyboyfrank,31,2018-08-01
74,highness25,26,2018-08-01
75,onyiioliver,25,2018-08-01
76,Brazzaville,19,2018-08-01
77,EdogiStar,21,2018-08-01
78,Euclidean,19,2018-08-01
79,Macrichie01,34,2018-08-01
80,Arkmanbuddy,31,2018-08-01
81,miniyi018,28,2018-08-01
82,KvnqFayvor,21,2018-08-01
83,ChucE,18,2018-08-01
84,psalmuel84,30,2018-08-01
85,Dex4,33,2018-08-01
86,donsmasher74,30,2018-08-01
87,chaliebee,29,2018-08-01
88,PCGamesLab,28,2018-08-01
89,Ederson,24,2018-08-01
90,cliffbanks,24,2018-08-01
91,Layze,21,2018-08-01
92,Penywise,28,2018-08-01
93,shenkoyababajid,32,2018-08-01
94,BabaAgba79,38,2018-08-01
95,adeniyi081,30,2018-08-01
96,umarouq,25,2018-08-01
97,mustygboy,25,2018-08-01
98,Wetechshout,19,2018-08-01
99,themaker01,29,2018-08-01
100,los0550,25,2018-08-01
101,Bullet99,17,2018-08-01
102,Sprashe,23,2018-08-01
103,Herdeyholuwa,24,2018-08-01
104,Ayitoekong,30,2018-08-01
105,ChinaNwachukwu,26,2018-08-01
106,Nnamdiezy,25,2018-08-01
107,callmeVIBRANT,19,2018-08-01
108,Samaradun,37,2018-08-01
109,techrawat,31,2018-08-01
110,Ziko77,25,2018-08-01
111,Augustine112,19,2018-08-01
112,Poshguy2,28,2018-08-01
113,gerrard305,20,2018-08-01
114,Ojpharz,28,2018-08-01
115,arabparadise,30,2018-08-01
